{
  "Workflows": [
    {
      "Path": null,
      "SortBy": 0,
      "VariablesSectionElementsOrder": [],
      "ArgumentsSectionElementsOrder": null,
      "ConstantsSectionElementsOrder": [],
      "AddedNamespaces": null
    },
    {
      "Path": "1ExcelProc.xaml",
      "SortBy": 0,
      "VariablesSectionElementsOrder": [
        "excelPath&Sequence_1",
        "studentGradesDt&Sequence_1",
        "failedStud&Sequence_1",
        "passedStud&Sequence_1"
      ],
      "ArgumentsSectionElementsOrder": [],
      "ConstantsSectionElementsOrder": [],
      "AddedNamespaces": null
    }
  ]
}